/*
Navicat MySQL Data Transfer

Source Server         : localhost
Source Server Version : 50018
Source Host           : localhost:3306
Source Database       : adriano

Target Server Type    : MYSQL
Target Server Version : 50018
File Encoding         : 65001

Date: 2012-12-21 14:49:12
*/

SET FOREIGN_KEY_CHECKS=0;
-- ----------------------------
-- Table structure for `apagar`
-- ----------------------------
DROP TABLE IF EXISTS `apagar`;
CREATE TABLE `apagar` (
  `teste` longblob
) ENGINE=MyISAM DEFAULT CHARSET=latin1;

-- ----------------------------
-- Records of apagar
-- ----------------------------
INSERT INTO `apagar` VALUES (0x52306C474F446C686A41426B414841414143483542414541415038414C4141414141434D4147514168774141414141414D7741415A6741416D5141417A4141412F774172414141724D7741725A6741726D5141727A4141722F774256414142564D7742565A6742566D5142567A4142562F774341414143414D7743415A6743416D5143417A4143412F774371414143714D7743715A6743716D5143717A4143712F774456414144564D7744565A6744566D5144567A4144562F77442F4141442F4D77442F5A67442F6D51442F7A41442F2F7A4D4141444D414D7A4D415A6A4D416D544D417A444D412F7A4D7241444D724D7A4D725A6A4D726D544D727A444D722F7A4E5641444E564D7A4E565A6A4E566D544E567A444E562F7A4F4141444F414D7A4F415A6A4F416D544F417A444F412F7A4F7141444F714D7A4F715A6A4F716D544F717A444F712F7A5056414450564D7A50565A6A50566D5450567A4450562F7A502F4144502F4D7A502F5A6A502F6D54502F7A44502F2F325941414759414D3259415A6D59416D5759417A4759412F325972414759724D3259725A6D59726D5759727A4759722F325A5641475A564D325A565A6D5A566D575A567A475A562F326141414761414D3261415A6D61416D5761417A4761412F326171414761714D3261715A6D61716D5761717A4761712F326256414762564D3262565A6D62566D5762567A4762562F32622F4147622F4D32622F5A6D622F6D57622F7A47622F2F356B41414A6B414D356B415A706B416D5A6B417A4A6B412F356B72414A6B724D356B725A706B726D5A6B727A4A6B722F356C56414A6C564D356C565A706C566D5A6C567A4A6C562F356D41414A6D414D356D415A706D416D5A6D417A4A6D412F356D71414A6D714D356D715A706D716D5A6D717A4A6D712F356E56414A6E564D356E565A706E566D5A6E567A4A6E562F356E2F414A6E2F4D356E2F5A706E2F6D5A6E2F7A4A6E2F2F387741414D77414D3877415A7377416D6377417A4D77412F387772414D77724D3877725A7377726D6377727A4D77722F387856414D78564D3878565A7378566D6378567A4D78562F387941414D79414D3879415A7379416D6379417A4D79412F387971414D79714D3879715A7379716D6379717A4D79712F387A56414D7A564D387A565A737A566D637A567A4D7A562F387A2F414D7A2F4D387A2F5A737A2F6D637A2F7A4D7A2F2F2F3841415038414D2F38415A7638416D6638417A5038412F2F3872415038724D2F38725A7638726D6638727A5038722F2F3956415039564D2F39565A7639566D6639567A5039562F2F2B4141502B414D2F2B415A762B416D662B417A502B412F2F2B7141502B714D2F2B715A762B716D662B717A502B712F2F2F5641502F564D2F2F565A762F566D662F567A502F562F2F2F2F41502F2F4D2F2F2F5A762F2F6D662F2F7A502F2F2F77414141414141414141414141414141416A2F4150634A484569776F4D474443424D71584D69776F634F48444F6E686B43514A545A67594D434271334D69786F306550784D4B4D776452497A41455648314F71584D6D53595359306B735249756F4778706332624F44646D45744D496B7867754D414C6B48457130714D424D6A4E4177456B4D547064476E55464F4B45594E6D45706F594D5178452F6168766E7A3539382B62526539614F336A7839394C7875315267744A71616C474A327531546850475474327A354C6C75787473317A70683565374B473059763339794637715A6146594E5636324748304E61316B3465586E566868363967464C6F645A324478326D5955395271687361706F776A4133494859305162475A6B6C69306A2B337858474B396435594B5A5737654C6E653164383167547A4253476F70694C4D59514B5039674F743744596C5A2F64685631373132356536336266356556352B624370536D6E432F7743776E4B412B366578324C5A4C4D546C36373970506A78337475327A666E577264356C61736C724F766F6E54417874554A5735516D6B7A337673424F504E4975314968307737443072326F487673594F666258516E57737373756B757853437A75737853535447444C41454D4E7177744554444757314C4C4A4C672B7A7339526C313743415432447133395559665A347530714D6769724B55786F6F41475A465165575A6E6835694A6C387A7A58586D7A503452674D4F4E5935796335377771696E7853496750696247496D6967775A694A35433033547A742F5055634C474D4B3839316D5437627835705444665A4B6E6868764C4D6B77786C74326B425270647A30534F6D5442635A73494B52724830576A475A5A6C6C4E464D42424F786F342B547770446D573875716D634F5A32636D754167766842414335474831554658526D4373344E6C7154764C4654797A446C37503843526A6C6F776A6D596237634E3831773548533679794B4C7438644B6A723172736F7378687055306C78685A5A48536F636F392F556F687467767271337A6A7A44554A594D4C7872694B45794C7762526F49573646674E4858496F55454E31644949394B55565A6D4836574E70754D4755342B49773334525253354E33305650644C6F7A73637073777735595443532F42434B7446474B2B34794F4268414335315136724F50765A5A4F626E566F6D457478395153795A2B444D536B4D4A69304B6244433443504E5334534B30334B4143414371457359686F6378475856426A697159446F56764C575A7139363672485449794674656A624D4C6A4541414C4F2B6B577A636D38712B35617530306A44734D73786851696F6277776F42474B44635674473852356E41337A54644E436243676D474C5045567241554371414D53774D4E43533643714D7272585938484C6357696A2F637656636A4B416D5361456D6F766755706272315A59375A486D3963724D72434941634473337A7A7879563964794839736F6B796D334F596D4447352B376171555657596D546E434D4C354C4959707775346757334C466A793345597763423530374733633751776938634E38397A2B52555550654C53666541433870544F36346265584E4F35724D496F5167676D556A4E44453142593952674B70504D514D453477744C70495A77794A457A35587356466970304C5868525948314E493462327149654F54314B556F735772374C6A7A47544366696D7A58384F7754444B77565136534C53494D433374644A4D79486D6B557742534D47534E7061417469582F4352735A6F755168434A2B784174466841452B73546B6149784A6D446C32354A78723753416173314F4D724837576A5A7370437A756A594E785239374B5563324D6B50687A7A6B6F566F6F6F6D6E466770426C2F374A6C4764513970306E30384138396B744563583056434334516752733151677A34497267423554306B4761467945695739384C786759394258357A43477A32736A704D774830544844383078566C444D4E6A72777444384B497943527967706C42634D7744706F494950586B5443484C76346C724345746F73664B51494D2B4147447975524552463745493037514749672B6F6B4550656B436A562F67377A435251557A3273324734464E43524B4D7379684954386937464D4F61394569454F6D724E6B6D6E55772F716A6E6E716F51396948496752576F67427A5867324664546751476465302B4E68317547782B7753444565746F6D68682F314349597845675A3763684874694B566A49496343797A5864426B6A44734F557164426B51444334597141796C42394A3243746750364A4647425252697A436F41424E6853515A5A346D4D59412B33444C4C334978484F7531762B4C47474443664C316B4367774D414941445647777437516958774B51314D773074346B666F326F5862776A43505A39436A486669777939396F6D634A65594D4A58595743454A4349786A2B4D41394935594F525247734167564C57704946332F386C636459527A345832514A6D37576A482F7252593062524D6B683743474A7937594241474C6B6A694C584D5A7867334567494D787765416B79586B4D4F2B4B784345424B346C4E4E2B394572774E41305362784D45766C6F6B44736F314A57757A434E776A46454256704A326736764F38536B375151327A6B716143413841676C45504A5243592B3479484148477752396E6F6F2B51356D417743456F52334B7741654D58686A4A6563544549703538367374324D70644A4C50574257546D524151374173306B415942484B474673706E374F4953416A57526258596D68596F45397163506B6767626B524E59774B774E77442F6F4745525574784B535752376F684D564C6972455945774D784A414D7379544946676E546A6139597036456E77754147306454645A2B54686A724B3259354E4A6D397255426E6573714F69444B546A59416B304F554B53543749776F7972694B39635441446D6A635A523253514E3247464B45652F7452694332706C423247593149357136714D6530416A4A5357415767504841774C4A2F69306F61746843474C667A79524157576F46472B3035536D594B49582B534447685869427349444E4C484A61734E307739684C615959436C754E6A4D78434967754E31686247476255536E4E556F653630706F5552526E695763454E776A41654230724350595068546944353478754E4A5930582B74434C6D3643526C727159777970426D566F4D4A714855705862584B4D46313845554F6B4451796E66636D784E69616D476B794E5A6B56687A5A433169383778504244424159512F3748755163732B6D4F7A474D31547655446F4F5179614734647362584A6B6F784E677863745436314C68394C5363334D4A474A61424B41716255314447484152482F56504E5A68444934585335474547736D6944446E7251786E4B5741707161414C70535769435447394C5132364845684963634D466447436D77375969536867484634415979384F5455784C4350586D5277486F4F52356A4E3449516C33594549536D654346542F527246763957306F3175364F5646706D4C70564E5631637A6A347330307745514F63705453433468734B5057364E46636C7039775A4A4A41596D6C6E6767646A42695A697173327A4347675270356444714A6161456B55674A336F69324949524A574D545141564B4D30465968423279747052486A485A4E63427853304751384873577247693352564D7370614D4F4C5A414D30344D624F325A474A477A525434734F65644B576A703034762B3964584843514C5667307061674D556A77537235374177654C656143395A616C4B306A7478476D7358414D72674B4C3039794F417743454D5948653834714163336965492B4F784D694F6F36592B76314C51786C71623461615768725377684953706478346879497678467353334B5268684E7872685A6C32397877474B6659697044645942434F47416570357A31735A394F67514775594E3956756351536D4359777741776A6D315642315066514E764E414357756D71513443774D75545A524248754C56346A5149784E6E4E394661315A725A6E346468456A724C7845636C4554686B5438496E6435524570346B686236677278534B456570643243516F7A676F3548425153744C6349316F677A494932666963624E72536936664352774D794B4354522F7541614B3964544754436C717733733368446A4A576C517072752B314347756B563948426E57397566675678722F38394F516B6A436A50536734442B65584E594B4739646E313746683538507648412F3474784A5558797041303148326931706F4C392F504451424B394A44717A4633344155474146566E4146783273666B516B337741584945554732566C646A3178484B45414E7A745457474D6E47656C42785A7034424B49775A365658665A56772F4B77417337356C73727054526E5A3442714E337657526E7553645477454A584D6367586B6347415076463047567478434264674D4A2B48354E5553535A4A586D7A397A4A6E34413534523363635655765863774F77426A4F6F5A6F41456433732F4E78347639344B5A6B424B4E55484E4E415838476852554E69494555357A74536C696F7064534B314E7A55774941596D646B316555512F7A7347653834442B355A447533746755754F445730707872484532574A467A65303133676251584D54783257394A566B6677576333594641442F2F56396D686341474D466C3268566C42346433587045576C75514F6D54414A427751475147463246374748366E4E7442306877645A563174706330572F67526A4345356B366944612B574B6131566F42626142344D61426736654B426F64336148464E535A514D495146705A2F6379772F5743394D65474136633041315A58676D694D694B6361725769426B4C645774715A6F4F72682B44384559376E496F7A4B68354B2F422B35455A514C3563716D5541506C4F51566E775A626C7964655662426C69376349347263333377645671744531567163303462694D3263574148564550614A654C344951524B2B4152305042375430567778704F44756A5A345A6D644C53585173506B55506546636174395941567851446B7143483467633374336353586C4E583477453371614961576663796D325744454F474163795635384263414E6C434247774751734661474535643833662F576B42466B4148516E6B57716844485778442F4E6757654A685746664267694134634253546A3768586A714E6A65432B6F6B6735525278796F656468596B4231424441327765566C426752315966576A6E4F31646B663557306A762F566B354E77484464514262646E414A4C776338795858626C59554F4B335067524663494F6E65446A51456163426646395A4F7836684434664965517A5A633255494D7A6651644E32466A76534143665257665A703350426859634D796E6C4A4E6E6259555861783959554D47304E394D4945597A416B4A6F48663752596C53355A66545352675939495548705744306B6B5A38505153513351594A366B4D3471336A464F446642524855482F59566E5933444A6D5142704C775377563441345749576150356C5158474562566B57563833572B726E6B42774956646F314361426D53576D42435A43324251737A56466B49666D70564A4F442F475161616743334A6F41393052336543516C64546F774B377078444C384874635A70566671524845344942563253796535445642595979326B35656265596E307341786D6352466D356C744273566C7738334D556430552F6832372F6C51397570417A7259476C304E784D2F5234674D595A48466548365A397844364D416177356E4F42364965344E7A574E4667415A4F5867734F417A7A5141784D6867596D456A692F6C34414439584D676D586B2F4A776D5568425A6D305433796C67784B4B416261525834483856503352424342566F744D4F6E46597552444B4D415A2F655A6855453034686D58734468354B34655478786777615A41453254554853514A6A6B4A716F50665A347A426C3563464A3546416D5754397057775563565430566D59454D614445514A48456F417A526B4B635669594E5949596E306952474A7868424C4F70716D434835642B58506652356B712F2F41795961415577416C704B3461427A444978613957493456655655794D446150467076434348784A414D4644454A776A4A747963696E3270634D6D6B4233656371716F45594D5635463554547161436C4561477A69665A7065706A5946375633535853556D5863634D4C4F414158785068634167562F57394F654C43696553704F41414942305A70554A37664163796D414C6B515A706A474141727A59316537646E656B5638383743717850414A774C6B54617A562F4E4A464C48336F516C7765455A33636F74326D41744B5744576171416C556C6734304556596E43484745694D617856424E454637584470346B766D4D536C4D6378354A686D43414D626951474B6A4370593570647735567377746D4A3836594A336A6F4A656F55477A4B4A6F4B6F5632453363515A636435646F576263544D6557434547685A4F6C616C69764C79682B5568597A346A476D596C414644502B77416A625161493042666F414B51596A48677575324435613243504D6D44464349676545306D59616C56307737444B6648744930516458435248493152666633586751614265667935556F73367358557862324C6768355A4A6779636166765433636D7131722B37796833705557475A726134706E68474A77702F5077714F32414352774C61636568476779675671626D7445376269576E5A66585A454F3935476B48394A5647646E5458736F5A5A4C77583643474C664A776C48747A6537645A6D5364366D2B7154692B566C4B416467554F45585447705861416F6F5237464A6241316D4B50365758572F7A584A4977426F4E5363384D315931726D5456553765654C52704155784448675A66676367435573456C4338716A4E6F6E4357664C68733571674D6E495A54755A465862316E5970714B4A4A48586B334A713236355A706641434373376853684B6D45573156426A2F474643764B467A70673679335271734549515A64343644615A58424E746B546445315953716A746F554C6D4B64362F4B6D463256477750475A796776523346666D5A7A57574A50646C675A6F6343686B706F78584B496D79645565393147335849364B39685A50384F6C6647535242586B597853746F56646B517879694333334F59646D4D5468395748444A5334565346674D4D414A616B426F57484B347463686F6A4A2B61696B7837577375366A53575833645247717A7934334977575734783543355778445A79723554593249704E4B31336B776E3664516E3177486452687A3632683849734334584B5168554F7842684D385771564F706F47656D76485152567077417469346E3041576E434969496951786758645A6B63795549304E466C3430356F676A65716B5671412F4C634D44334767625656456E7363477A453968615363486F69714C474744466D47535736582F3455616D5343756643634D6A53416D677A4A713364527452546356535345784441615744336537453065667549597A79364C444F5050477667664167656F7973435951394943784D72715A414343746574494C464D454C6C7359497774434A776B6B565332466E6D4B5543537956537278756E6E51683166456F506F4B42396267536353784847346773654D594544755A73636F356C6F316C694C75426F47636F77562F6C62474B5575624F4D436B5356755959726750397A6B4D78464231556F5A307969414D446773544D4247635351456D5965784C734B6835553145526A48423656426172773055564977696A46646B396E5267546F36624E4466614145774E72715979483558624E3454735634595561454D692F5946773963524F4F4D52435433545935544C6F50796678702B6E42716854634D5449514D6B3042304D7045476753504E646A7878595642673450525546663978656D6C415A634370566D7033525951704268716270355A6B677470336E324D7767417932592F5538584F5338614B494D7868634276696D4C624F694D42754B7867596E4D77383857644865614272574642737151444A4F67615259684A74567A4562596D5A70796E666C6B525951416767766D457A6E72314855486375537971585A4934584B72327054373171734835757048514346416E496D635178696C4962724449594F476C597A3464312F6470726D4549663744327852415844514332444E43674448715665734E4162504E325146484C464C6B6D712B2B5870514F47736971514273415A71764D32727562364E6A437A6A7A35626D616A495A5A4B5142732F4864577A61324E3852457A466846634F734C485A557546353673634B347175627157304C34304B6B70586C74416B5A2F32624D54514471754B7361354D457455544A704A39612F4F5A4B707248717A6F2B61774269514A486F5448655A384E59374D5636324677444956324251525A41523944613946582B312F587842467A77553655596157397554774D393768724864517779743274696853546777545736624C41502F4E45485A78774A71452F716C76514363353441554E7741474D5A41557772566A6233776369436949372F4B4933665A387169714D776769636B546F78684B6432314C7838477333434946754C70435947746B304D706C4150356F476E3433324F587A7175786B322B6250796E6C6878655063366B4377356757643039626E544F65685731592F782F2B587A546B6A4F5178304D7869556E69773743716458664F773144475A43614452456A4165576A6758716A55346379427142486A6F4741515857464A39796B786558674430677647354B5A356B3063562F38566B793142334538726739504362656A556951524547746B316C2B486C72533855735578787A47737433716C726C4936344A65363558595530372F7175554D7A78634B5A654372386867687676475A4534565036304D5A2B34566D6A415471307641794F474E4A6B496F4D5447676A486E66444F366972366F4D2F35726752766B3064526978426553646C6D4932794D5442766A47775A3444376353623933795939363467463135316F4552654265376733777A4C4159416A65787163637870627362647A596264593346564B6B43646B4E7373782B41506C4D375242485A396C586B61366570797055374872567A46534C3479724C676F33384856496D677557613269524F76486E61446E6D713133546E446C552B444738774B446533346A79384C485A457538474E30484D467A714C4D464748516157497767596C347166707375786A6F5A774E36542B5A4F76425235377430446E475763366E4531372F50326C6B6F704446523259635964346B616544486D2B35363965642F5377373844705452466F61302F396173646852356175304267597A754E63425730314653595942704D6E6E5938613664666572324B4978336A633865596539614132346B684231626B477676453661706F31736639373974596A6A7171756E75635679654236507148377276532F46392B55616B6461466C3566546E467075784F316E58304235615561792B59352B58582B466E523452306D55525061574A50554E4C6D704E327279646E4C4A387833666463392F33666166584F644458535A46696F656375332F464950736B4D4763372B39745468724763313739504641514E476D6E33333942334938623256437345794D57636D2B4E775332664545536D646850777967514247666A476364364A44493571316636764B6646765775442F572F654A307736766950582F6B4D727539365A5277584963427242576B546B646D4A715664626F32666135344136526F61473757387945646573546B6E4C6B4833336E5832665A6F4A51442F55456264416D306E416275465278506434556166376D4C76767A7A2F6A4F54614459476658337259526B442B41414D537854706B6C69776F534A6B56442F6F6349564E37694545534E4A7A4A59624B78596D5242676A6F78694F6D51515347305A73483752364A4A587055375A50476232564A30387559786C5457557557796B494F6E4454516F38795A4B474F613141645457556C363059725367326B53326B2B5A51576B2B5A596C5347556869795168694D6E676A6F55555943725847774A48785968675A4D57364957595447597961624D35556C65306D5070456C6C526F334368476B554B4D2B6F4B3250536B776D594A56476B55656D68334266593564396C4B4F73526179785562742F4A4C576C43637A65544B6B464A5A385238375772786F746B744743506D42476B7A396242324B596375625A795370557156694A2F57637A7659736D4E6F516E473731693233486D35396749456266563279586D6135695663697836327938464F58314766654844594A44556651587265457563464962615A657731533354555A73366A4369694A47504E735A4E6A2F5A7A6F6B745832766370744B56556E385430486B5570714830616B382B6F392F51684C68726E696E4A7576756865736D3236795151627A4479517373744549732F436B4569536E4549797A304C7A6C476C487657544D512F4375346D71727937485A59764C4E704F6C38416B3679324970794A375A36456C73714B4A2B694B5336326F475A4C36556635376D74774A636D576F71756D6D536837456B53514E416E4A4C53763377354B34674141414F773D3D);

-- ----------------------------
-- Table structure for `base64_data`
-- ----------------------------
DROP TABLE IF EXISTS `base64_data`;
CREATE TABLE `base64_data` (
  `c` char(1) character set latin1 collate latin1_bin default NULL,
  `val` tinyint(4) default NULL
) ENGINE=MyISAM DEFAULT CHARSET=latin1;

-- ----------------------------
-- Records of base64_data
-- ----------------------------
INSERT INTO `base64_data` VALUES ('A', '0');
INSERT INTO `base64_data` VALUES ('B', '1');
INSERT INTO `base64_data` VALUES ('C', '2');
INSERT INTO `base64_data` VALUES ('D', '3');
INSERT INTO `base64_data` VALUES ('E', '4');
INSERT INTO `base64_data` VALUES ('F', '5');
INSERT INTO `base64_data` VALUES ('G', '6');
INSERT INTO `base64_data` VALUES ('H', '7');
INSERT INTO `base64_data` VALUES ('I', '8');
INSERT INTO `base64_data` VALUES ('J', '9');
INSERT INTO `base64_data` VALUES ('K', '10');
INSERT INTO `base64_data` VALUES ('L', '11');
INSERT INTO `base64_data` VALUES ('M', '12');
INSERT INTO `base64_data` VALUES ('N', '13');
INSERT INTO `base64_data` VALUES ('O', '14');
INSERT INTO `base64_data` VALUES ('P', '15');
INSERT INTO `base64_data` VALUES ('Q', '16');
INSERT INTO `base64_data` VALUES ('R', '17');
INSERT INTO `base64_data` VALUES ('S', '18');
INSERT INTO `base64_data` VALUES ('T', '19');
INSERT INTO `base64_data` VALUES ('U', '20');
INSERT INTO `base64_data` VALUES ('V', '21');
INSERT INTO `base64_data` VALUES ('W', '22');
INSERT INTO `base64_data` VALUES ('X', '23');
INSERT INTO `base64_data` VALUES ('Y', '24');
INSERT INTO `base64_data` VALUES ('Z', '25');
INSERT INTO `base64_data` VALUES ('a', '26');
INSERT INTO `base64_data` VALUES ('b', '27');
INSERT INTO `base64_data` VALUES ('c', '28');
INSERT INTO `base64_data` VALUES ('d', '29');
INSERT INTO `base64_data` VALUES ('e', '30');
INSERT INTO `base64_data` VALUES ('f', '31');
INSERT INTO `base64_data` VALUES ('g', '32');
INSERT INTO `base64_data` VALUES ('h', '33');
INSERT INTO `base64_data` VALUES ('i', '34');
INSERT INTO `base64_data` VALUES ('j', '35');
INSERT INTO `base64_data` VALUES ('k', '36');
INSERT INTO `base64_data` VALUES ('l', '37');
INSERT INTO `base64_data` VALUES ('m', '38');
INSERT INTO `base64_data` VALUES ('n', '39');
INSERT INTO `base64_data` VALUES ('o', '40');
INSERT INTO `base64_data` VALUES ('p', '41');
INSERT INTO `base64_data` VALUES ('q', '42');
INSERT INTO `base64_data` VALUES ('r', '43');
INSERT INTO `base64_data` VALUES ('s', '44');
INSERT INTO `base64_data` VALUES ('t', '45');
INSERT INTO `base64_data` VALUES ('u', '46');
INSERT INTO `base64_data` VALUES ('v', '47');
INSERT INTO `base64_data` VALUES ('w', '48');
INSERT INTO `base64_data` VALUES ('x', '49');
INSERT INTO `base64_data` VALUES ('y', '50');
INSERT INTO `base64_data` VALUES ('z', '51');
INSERT INTO `base64_data` VALUES ('0', '52');
INSERT INTO `base64_data` VALUES ('1', '53');
INSERT INTO `base64_data` VALUES ('2', '54');
INSERT INTO `base64_data` VALUES ('3', '55');
INSERT INTO `base64_data` VALUES ('4', '56');
INSERT INTO `base64_data` VALUES ('5', '57');
INSERT INTO `base64_data` VALUES ('6', '58');
INSERT INTO `base64_data` VALUES ('7', '59');
INSERT INTO `base64_data` VALUES ('8', '60');
INSERT INTO `base64_data` VALUES ('9', '61');
INSERT INTO `base64_data` VALUES ('+', '62');
INSERT INTO `base64_data` VALUES ('/', '63');
INSERT INTO `base64_data` VALUES ('=', '0');

-- ----------------------------
-- Table structure for `funcionalidades`
-- ----------------------------
DROP TABLE IF EXISTS `funcionalidades`;
CREATE TABLE `funcionalidades` (
  `id` bigint(20) NOT NULL auto_increment,
  `ds_nome` varchar(255) default NULL,
  PRIMARY KEY  (`id`)
) ENGINE=MyISAM DEFAULT CHARSET=latin1;

-- ----------------------------
-- Records of funcionalidades
-- ----------------------------
INSERT INTO `funcionalidades` VALUES ('1', 'Administração');
INSERT INTO `funcionalidades` VALUES ('2', 'Enviar Email');
INSERT INTO `funcionalidades` VALUES ('3', 'Incluir');
INSERT INTO `funcionalidades` VALUES ('4', 'Loga');

-- ----------------------------
-- Table structure for `historico`
-- ----------------------------
DROP TABLE IF EXISTS `historico`;
CREATE TABLE `historico` (
  `id` bigint(20) NOT NULL auto_increment,
  `modulos_id` bigint(20) NOT NULL,
  `ds_descricao` mediumtext,
  `dt_cadastro` date default NULL,
  `dt_realizado` date default NULL,
  `ds_img` varchar(255) default NULL,
  PRIMARY KEY  (`id`),
  KEY `release_FKIndex1` (`modulos_id`)
) ENGINE=MyISAM DEFAULT CHARSET=latin1;

-- ----------------------------
-- Records of historico
-- ----------------------------
INSERT INTO `historico` VALUES ('1', '1', 'Cadastro de textos do módulo', '2012-05-25', '2012-05-25', '');
INSERT INTO `historico` VALUES ('2', '1', 'Cadastro de Sistema de Integração. \r\n 1 - Só funciona com a classe criada.\r\n 2 - Atuais Mysql e Oracle', '2012-05-25', '2012-05-25', '');
INSERT INTO `historico` VALUES ('3', '1', 'Agendamento de Visitas', '2012-05-25', '2012-05-25', '');
INSERT INTO `historico` VALUES ('4', '1', 'Cadastro de Contratos\r\n1 - XML Cadastro', '2012-05-25', '2012-05-25', '');
INSERT INTO `historico` VALUES ('5', '1', 'Cadastros de Variáveis de Currículos \r\n1 - São os campos a serem preenchidos no currículo\r\n2 - XML Cadastro', '2012-05-25', '2012-05-25', '');
INSERT INTO `historico` VALUES ('6', '1', 'Cadastro de Área / Curso', '2012-05-25', '2012-05-25', '');
INSERT INTO `historico` VALUES ('7', '1', 'Cadastro de Setor / Linha de Formação\r\n1 - XML Cadastro', '2012-05-25', '2012-05-25', '');
INSERT INTO `historico` VALUES ('8', '1', 'Cadastro de Departamento / Atividades', '2012-05-25', '2012-05-25', '');
INSERT INTO `historico` VALUES ('9', '1', 'Gerenciamento de Áreas dos Cursos\r\n1 - Ligação de Áreas com setores com Cursos', '2012-05-25', '2012-05-25', '');
INSERT INTO `historico` VALUES ('10', '1', 'Cadastros de Avaliações', '2012-05-25', '2012-05-25', '');
INSERT INTO `historico` VALUES ('11', '1', 'Cadastros de Grupos de Perguntas\r\n1 - XMl Cadastro', '2012-05-25', '2012-05-25', '');
INSERT INTO `historico` VALUES ('12', '1', 'Cadastros de Perguntas\r\n1 - XMl Cadastro', '2012-05-25', '2012-05-25', '');
INSERT INTO `historico` VALUES ('13', '1', 'Envia email de avaliação para aluno e supervisor quando entra no prazo', '2012-05-25', '2012-05-25', '');
INSERT INTO `historico` VALUES ('14', '1', 'Assinatura de Contrato\r\n1 - Aluno \r\n2 - Empresa\r\n3 - IE', '2012-05-25', '2012-05-25', '');

-- ----------------------------
-- Table structure for `historico_funcionalidades`
-- ----------------------------
DROP TABLE IF EXISTS `historico_funcionalidades`;
CREATE TABLE `historico_funcionalidades` (
  `historico_id` bigint(20) NOT NULL,
  `funcionalidades_id` bigint(20) NOT NULL,
  PRIMARY KEY  (`historico_id`,`funcionalidades_id`),
  KEY `funcionalidades_has_release_FKIndex1` (`funcionalidades_id`),
  KEY `funcionalidades_has_release_FKIndex2` (`historico_id`)
) ENGINE=MyISAM DEFAULT CHARSET=latin1;

-- ----------------------------
-- Records of historico_funcionalidades
-- ----------------------------
INSERT INTO `historico_funcionalidades` VALUES ('1', '1');
INSERT INTO `historico_funcionalidades` VALUES ('2', '1');
INSERT INTO `historico_funcionalidades` VALUES ('3', '1');
INSERT INTO `historico_funcionalidades` VALUES ('4', '1');
INSERT INTO `historico_funcionalidades` VALUES ('5', '1');
INSERT INTO `historico_funcionalidades` VALUES ('6', '1');
INSERT INTO `historico_funcionalidades` VALUES ('7', '1');
INSERT INTO `historico_funcionalidades` VALUES ('8', '1');
INSERT INTO `historico_funcionalidades` VALUES ('9', '1');
INSERT INTO `historico_funcionalidades` VALUES ('10', '1');
INSERT INTO `historico_funcionalidades` VALUES ('11', '1');
INSERT INTO `historico_funcionalidades` VALUES ('12', '1');
INSERT INTO `historico_funcionalidades` VALUES ('13', '2');
INSERT INTO `historico_funcionalidades` VALUES ('14', '2');
INSERT INTO `historico_funcionalidades` VALUES ('14', '3');
INSERT INTO `historico_funcionalidades` VALUES ('14', '4');

-- ----------------------------
-- Table structure for `historico_tabelas`
-- ----------------------------
DROP TABLE IF EXISTS `historico_tabelas`;
CREATE TABLE `historico_tabelas` (
  `historico_id` bigint(20) NOT NULL,
  `tabelas_id` bigint(20) NOT NULL,
  PRIMARY KEY  (`historico_id`,`tabelas_id`),
  KEY `release_has_tabelas_FKIndex1` (`historico_id`),
  KEY `release_has_tabelas_FKIndex2` (`tabelas_id`)
) ENGINE=MyISAM DEFAULT CHARSET=latin1;

-- ----------------------------
-- Records of historico_tabelas
-- ----------------------------
INSERT INTO `historico_tabelas` VALUES ('1', '1');
INSERT INTO `historico_tabelas` VALUES ('2', '2');
INSERT INTO `historico_tabelas` VALUES ('3', '3');
INSERT INTO `historico_tabelas` VALUES ('3', '4');
INSERT INTO `historico_tabelas` VALUES ('4', '5');
INSERT INTO `historico_tabelas` VALUES ('5', '6');
INSERT INTO `historico_tabelas` VALUES ('6', '7');
INSERT INTO `historico_tabelas` VALUES ('7', '8');
INSERT INTO `historico_tabelas` VALUES ('8', '9');
INSERT INTO `historico_tabelas` VALUES ('9', '7');
INSERT INTO `historico_tabelas` VALUES ('9', '8');
INSERT INTO `historico_tabelas` VALUES ('9', '9');
INSERT INTO `historico_tabelas` VALUES ('9', '10');
INSERT INTO `historico_tabelas` VALUES ('9', '11');
INSERT INTO `historico_tabelas` VALUES ('10', '12');
INSERT INTO `historico_tabelas` VALUES ('11', '13');
INSERT INTO `historico_tabelas` VALUES ('12', '14');
INSERT INTO `historico_tabelas` VALUES ('13', '1');
INSERT INTO `historico_tabelas` VALUES ('13', '15');
INSERT INTO `historico_tabelas` VALUES ('13', '16');
INSERT INTO `historico_tabelas` VALUES ('13', '17');
INSERT INTO `historico_tabelas` VALUES ('14', '1');
INSERT INTO `historico_tabelas` VALUES ('14', '4');
INSERT INTO `historico_tabelas` VALUES ('14', '5');
INSERT INTO `historico_tabelas` VALUES ('14', '18');
INSERT INTO `historico_tabelas` VALUES ('14', '19');
INSERT INTO `historico_tabelas` VALUES ('14', '20');
INSERT INTO `historico_tabelas` VALUES ('14', '21');
INSERT INTO `historico_tabelas` VALUES ('14', '22');
INSERT INTO `historico_tabelas` VALUES ('14', '23');
INSERT INTO `historico_tabelas` VALUES ('14', '24');
INSERT INTO `historico_tabelas` VALUES ('14', '25');
INSERT INTO `historico_tabelas` VALUES ('14', '26');

-- ----------------------------
-- Table structure for `im_executa`
-- ----------------------------
DROP TABLE IF EXISTS `im_executa`;
CREATE TABLE `im_executa` (
  `id` bigint(20) NOT NULL auto_increment,
  `ds_descricao` varchar(255) default NULL,
  PRIMARY KEY  (`id`)
) ENGINE=MyISAM DEFAULT CHARSET=latin1;

-- ----------------------------
-- Records of im_executa
-- ----------------------------
INSERT INTO `im_executa` VALUES ('1', 'Teste de Query');
INSERT INTO `im_executa` VALUES ('2', 'Novo teste de query');

-- ----------------------------
-- Table structure for `im_executa_temp`
-- ----------------------------
DROP TABLE IF EXISTS `im_executa_temp`;
CREATE TABLE `im_executa_temp` (
  `id` bigint(20) NOT NULL auto_increment,
  `ds_descricao` varchar(255) default NULL,
  `ds_classe` varchar(255) default NULL,
  `ds_comando` varchar(255) default NULL,
  `cd_memoria_parametro` bigint(255) default NULL,
  `nr_ordem` int(11) default NULL,
  PRIMARY KEY  (`id`),
  UNIQUE KEY `ix_executa_temp` (`id`)
) ENGINE=MyISAM DEFAULT CHARSET=latin1;

-- ----------------------------
-- Records of im_executa_temp
-- ----------------------------
INSERT INTO `im_executa_temp` VALUES ('1', 'Conexão Horus Local', 'IMConexaoBancoDados', 'conectarMysql', '7', '1');
INSERT INTO `im_executa_temp` VALUES ('2', 'Teste de SELECT', 'IMConexaoBancoDados', 'query', '6', '2');
INSERT INTO `im_executa_temp` VALUES ('3', 'Outro query', 'IMConexaoBancoDados', 'query', '6', '3');

-- ----------------------------
-- Table structure for `im_executa_tree`
-- ----------------------------
DROP TABLE IF EXISTS `im_executa_tree`;
CREATE TABLE `im_executa_tree` (
  `id` bigint(20) NOT NULL auto_increment,
  `cd_executa` bigint(20) default NULL,
  `ds_descricao` varchar(255) default NULL,
  `ds_classe` varchar(255) default NULL,
  `ds_comando` varchar(255) default NULL,
  `cd_memoria_parametro` bigint(255) default NULL,
  `nr_ordem` int(11) default NULL,
  PRIMARY KEY  (`id`),
  UNIQUE KEY `ix_executa_tree` USING BTREE (`id`)
) ENGINE=MyISAM DEFAULT CHARSET=latin1;

-- ----------------------------
-- Records of im_executa_tree
-- ----------------------------
INSERT INTO `im_executa_tree` VALUES ('1', '1', 'Conexão Horus Local', 'IMConexaoBancoDados', 'conectarMysql', '1', '1');
INSERT INTO `im_executa_tree` VALUES ('2', '1', 'Teste de SELECT', 'IMConexaoBancoDados', 'query', '2', '2');
INSERT INTO `im_executa_tree` VALUES ('3', '2', 'Conexão Horus Local', 'IMConexaoBancoDados', 'conectarMysql', '3', '1');
INSERT INTO `im_executa_tree` VALUES ('4', '2', 'Teste de SELECT', 'IMConexaoBancoDados', 'query', '4', '2');
INSERT INTO `im_executa_tree` VALUES ('5', '2', 'Outro query', 'IMConexaoBancoDados', 'query', '5', '3');

-- ----------------------------
-- Table structure for `im_memoria_info`
-- ----------------------------
DROP TABLE IF EXISTS `im_memoria_info`;
CREATE TABLE `im_memoria_info` (
  `id` bigint(20) NOT NULL auto_increment,
  `ds_descricao` mediumtext,
  `ds_classe` varchar(255) default NULL,
  `ds_parametros` mediumtext,
  `dt_cadastro` datetime default NULL,
  PRIMARY KEY  (`id`),
  KEY `ix_mem_temp` (`id`)
) ENGINE=MyISAM DEFAULT CHARSET=latin1;

-- ----------------------------
-- Records of im_memoria_info
-- ----------------------------
INSERT INTO `im_memoria_info` VALUES ('1', 'Conexão local horus', 'IMConexaoAtributos', '{\"nome_banco\":\"\",\"login\":\"backup\",\"senha\":\"UniSeguro\",\"banco\":\"unimestre_horus\",\"host\":\"localhost\",\"porta\":\"\"}', '2012-12-18 17:54:39');
INSERT INTO `im_memoria_info` VALUES ('2', 'Select de teste', 'IMString', '{\"string\":\"select cd_pessoa, nm_pessoa from pessoas limit 1\"}', '2012-12-18 17:54:39');
INSERT INTO `im_memoria_info` VALUES ('3', 'Conexão local horus', 'IMConexaoAtributos', '{\"nome_banco\":\"\",\"login\":\"backup\",\"senha\":\"UniSeguro\",\"banco\":\"unimestre_horus\",\"host\":\"localhost\",\"porta\":\"\"}', '2012-12-18 17:55:20');
INSERT INTO `im_memoria_info` VALUES ('4', 'Select de teste', 'IMString', '{\"string\":\"select cd_pessoa, nm_pessoa from pessoas limit 1\"}', '2012-12-18 17:55:20');
INSERT INTO `im_memoria_info` VALUES ('5', 'Select de teste', 'IMString', '{\"string\":\"select cd_pessoa, nm_pessoa from pessoas limit 1\"}', '2012-12-18 17:55:20');

-- ----------------------------
-- Table structure for `im_memoria_temp`
-- ----------------------------
DROP TABLE IF EXISTS `im_memoria_temp`;
CREATE TABLE `im_memoria_temp` (
  `id` bigint(20) NOT NULL auto_increment,
  `ds_descricao` mediumtext,
  `ds_classe` varchar(255) default NULL,
  `ds_parametros` mediumtext,
  `dt_cadastro` datetime default NULL,
  PRIMARY KEY  (`id`),
  KEY `ix_mem_temp` (`id`)
) ENGINE=MyISAM DEFAULT CHARSET=latin1;

-- ----------------------------
-- Records of im_memoria_temp
-- ----------------------------
INSERT INTO `im_memoria_temp` VALUES ('1', 'localhost', 'IMString', '{\"string\":\"localhost\"}', '2012-12-10 17:38:45');
INSERT INTO `im_memoria_temp` VALUES ('2', 'Login Banco Local', 'IMString', '{\"string\":\"backup\"}', '2012-12-10 17:38:59');
INSERT INTO `im_memoria_temp` VALUES ('3', 'Senha banco', 'IMString', '{\"string\":\"UniSeguro\"}', '2012-12-10 17:39:09');
INSERT INTO `im_memoria_temp` VALUES ('4', 'Base local horus', 'IMString', '{\"string\":\"unimestre_horus\"}', '2012-12-10 17:39:22');
INSERT INTO `im_memoria_temp` VALUES ('7', 'Conexão local horus', 'IMConexaoAtributos', '{\"nome_banco\":\"\",\"login\":\"backup\",\"senha\":\"UniSeguro\",\"banco\":\"unimestre_horus\",\"host\":\"localhost\",\"porta\":\"\"}', '2012-12-10 18:00:53');
INSERT INTO `im_memoria_temp` VALUES ('6', 'Select de teste', 'IMString', '{\"string\":\"select cd_pessoa, nm_pessoa from pessoas limit 1\"}', '2012-12-10 17:57:21');

-- ----------------------------
-- Table structure for `info_hierarquia`
-- ----------------------------
DROP TABLE IF EXISTS `info_hierarquia`;
CREATE TABLE `info_hierarquia` (
  `info_informacao_id` bigint(20) NOT NULL,
  `info_mostrar_id` bigint(20) NOT NULL,
  `nr_tipo` int(10) unsigned default NULL,
  KEY `info_hierarquia_FKIndex1` (`info_informacao_id`),
  KEY `info_hierarquia_FKIndex2` (`info_mostrar_id`)
) ENGINE=MyISAM DEFAULT CHARSET=latin1;

-- ----------------------------
-- Records of info_hierarquia
-- ----------------------------
INSERT INTO `info_hierarquia` VALUES ('2', '1', '1');
INSERT INTO `info_hierarquia` VALUES ('5', '1', '1');
INSERT INTO `info_hierarquia` VALUES ('6', '2', '2');
INSERT INTO `info_hierarquia` VALUES ('6', '5', '2');
INSERT INTO `info_hierarquia` VALUES ('6', '1', '1');
INSERT INTO `info_hierarquia` VALUES ('7', '1', '1');
INSERT INTO `info_hierarquia` VALUES ('7', '5', '1');
INSERT INTO `info_hierarquia` VALUES ('7', '6', '1');

-- ----------------------------
-- Table structure for `info_informacao`
-- ----------------------------
DROP TABLE IF EXISTS `info_informacao`;
CREATE TABLE `info_informacao` (
  `id` bigint(20) NOT NULL auto_increment,
  `ds_titulo` varchar(255) default NULL,
  `ds_palavras` varchar(255) default NULL,
  `nr_importancia` int(10) unsigned default NULL,
  `dt_cadastro` datetime default NULL,
  `me_descricao` mediumtext,
  PRIMARY KEY  (`id`)
) ENGINE=MyISAM DEFAULT CHARSET=latin1;

-- ----------------------------
-- Records of info_informacao
-- ----------------------------
INSERT INTO `info_informacao` VALUES ('1', 'Sistema de Estágios da Hórus', 'Estagio Horus Marcelo Tabelas', '1', '2012-07-19 04:20:09', '<p>\r\n	Sistema de Est&aacute;gios da H&oacute;rus</p>\r\n<p>\r\n	Tabelas</p>\r\n<p>\r\n	&nbsp;</p>\r\n<p>\r\n	estnc_alunos<br />\r\n	estnc_alunos_avaliacoes<br />\r\n	estnc_alunos_historico<br />\r\n	estnc_areas<br />\r\n	estnc_areas_setores<br />\r\n	estnc_avaliacoes<br />\r\n	estnc_avaliacoes_agendar<br />\r\n	estnc_avaliacoes_respondidas<br />\r\n	estnc_avaliacoes_respostas<br />\r\n	estnc_contratos<br />\r\n	estnc_curriculos_valores<br />\r\n	estnc_curriculos_variaveis<br />\r\n	estnc_cursos<br />\r\n	estnc_cursos_setores<br />\r\n	estnc_departamentos<br />\r\n	estnc_empresas<br />\r\n	estnc_empresas_cadastradas<br />\r\n	estnc_empresas_pessoas<br />\r\n	estnc_estagios<br />\r\n	estnc_grupos<br />\r\n	estnc_grupos_acoes<br />\r\n	estnc_grupos_filhos<br />\r\n	estnc_grupos_perguntas<br />\r\n	estnc_grupos_permissoes<br />\r\n	estnc_grupos_pessoas<br />\r\n	estnc_grupos_regionais<br />\r\n	estnc_grupos_subregionais<br />\r\n	estnc_grup_instituicoes<br />\r\n	estnc_instituicoes_pessoas<br />\r\n	estnc_instituicoes_polos<br />\r\n	estnc_interesse_vaga<br />\r\n	estnc_mensalidades<br />\r\n	estnc_perguntas<br />\r\n	estnc_regionais<br />\r\n	estnc_region_municipios<br />\r\n	estnc_setores<br />\r\n	estnc_setores_departamentos<br />\r\n	estnc_subregionais<br />\r\n	estnc_subregion_bairros<br />\r\n	estnc_supervisores<br />\r\n	estnc_titulos<br />\r\n	estnc_vagas<br />\r\n	estnc_vagas_departamentos<br />\r\n	estnc_visitas</p>\r\n');
INSERT INTO `info_informacao` VALUES ('2', 'Situação de Estágio', 'Situação do estágio - concluído - estnc_estagios - fim do estágio - estagiando - ', '10', '2012-07-19 04:30:34', '<p>\r\n	1 - Todo est&aacute;gio &eacute; registrado no sistema como estagiando pelo processo completo.</p>\r\n<p>\r\n	2 - No cadastro de titulo &eacute; gerado um estagio com a situa&ccedil;&atilde;o selecionada.&nbsp;</p>\r\n<p>\r\n	3 - Se a situa&ccedil;&atilde;o for alterada na tela do gerenciamento de estagio, ela ser&aacute; alterada tamb&eacute;m no titulo. Se for feita na tela de titulo, altera tbm no gerenciamento de est&aacute;gio.</p>\r\n<p>\r\n	4 - Quando o est&aacute;gio termina&nbsp;</p>\r\n<p>\r\n	A situa&ccedil;&atilde;o de est&aacute;gio &eacute; alterada automaticamente ap&oacute;s seu prazo na tela inicial do est&aacute;gio</p>\r\n');
INSERT INTO `info_informacao` VALUES ('3', 'Importação Automática Terminal de Acesso', 'Importação Automática Terminal de Acesso - diario_terminal_acessos - importacao - auto - faltas - terminal de acesso - presença - catracas - automático', '10', '2012-07-19 04:39:18', '<p>\r\n	A importa&ccedil;&atilde;o autom&aacute;tica do terminal de acesso ( Projeto Energia Palho&ccedil;a ), utiliza as seguintes tabelas</p>\r\n<p>\r\n	- diario_terminal_acessos</p>\r\n<p>\r\n	- diario_lista_presenca</p>\r\n<p>\r\n	- diario_aulas_alunos</p>\r\n<p>\r\n	Sempre que o periodo &eacute; finalizado triggers s&atilde;o executadas em base para executar o fechamento do periodo</p>\r\n');
INSERT INTO `info_informacao` VALUES ('4', 'Artigos Científicos', 'Artigo Cientifico artig_artigos trabalhos comunidade', '1', '2012-07-20 04:23:18', '<p>\r\n	Fora criado por motivo de urgencia um prototipo de cadastro de artigos cientificos</p>\r\n<p>\r\n	OC 37782</p>\r\n<p>\r\n	Tabela</p>\r\n<p>\r\n	artig_artigos</p>\r\n<p>\r\n	Neste prototipo a pessoa poder&aacute; entrar no formul&aacute;rio e realizar um registro do trabalho.<br />\r\n	N&atilde;o salva na tabela de pessoas, nao verifica duplicidade de CPF.</p>\r\n');
INSERT INTO `info_informacao` VALUES ('5', 'Cadastro da Empresa e vinculo das pessoas a empresa', 'Cadastro Empresa pessoas boleto pessoa financeiro pessoa responsavel legal', '8', '2012-07-25 04:16:06', '<p>\r\n	Cadastro da Empresa e vinculo das pessoas a empresa</p>\r\n<p>\r\n	Sempre que uma empresa &eacute; cadastrada:</p>\r\n<p>\r\n	1 - cadastra a empresa<br />\r\n	2 - cadastra a pessoa que representa a empresa para gera&ccedil;&atilde;o de boleto, altera os 2 campos no cadastro da empresa ( usuario empresa e financeiro )<br />\r\n	3 - insere o representante da empresa<br />\r\n	4 - insere o representante no grupo nu_grupos e relaciona a empresa estnc_empresas_pessoas</p>\r\n');
INSERT INTO `info_informacao` VALUES ('6', 'Acompanhamento de Avaliações de Estágio', 'avaliações avaliacao vencido prazo prorrogar mudar prazo data avaliação email aluno supervisor', '5', '2012-09-12 04:12:53', '<p>\r\n	<strong>Avalia&ccedil;&otilde;es vencidas:</strong><br />\r\n	<br />\r\n	Tela que lista todas as avalia&ccedil;&otilde;es de est&aacute;gios que venceram o prazo e que n&atilde;o foram respondidas.<br />\r\n	Os registros de avalia&ccedil;&atilde;o s&atilde;o agrupados por est&aacute;gio e por data final.</p>\r\n<p>\r\n	Possibilidade de prorrogar o prazo, enviando um email para quem n&atilde;o respondeu ( Aluno ou supervisor )</p>\r\n<p>\r\n	<strong>Relat&oacute;rio de Avalia&ccedil;&otilde;es:</strong></p>\r\n<p>\r\n	Deve mostrar apenas as avalia&ccedil;&otilde;es que j&aacute; foram respondidas.<br />\r\n	Orientadores devem ver apenas da institui&ccedil;&atilde;o.</p>\r\n<p>\r\n	<strong>Resultado Final da Avalia&ccedil;&atilde;o</strong></p>\r\n<p>\r\n	Esta tela dever&aacute; listar apenas as avalia&ccedil;&otilde;es ( agrupadas por data, est&aacute;gio e empresa ) que j&aacute; foram respondidas e que j&aacute; foram deferidas pelo Orientador.<br />\r\n	Aluno e supervisor de empresa pode acessar esta tela.</p>\r\n');
INSERT INTO `info_informacao` VALUES ('7', 'Tabelas com o campo empresa no Estágio', 'empresas tabela', '1', '2012-09-03 04:27:13', '<p>\r\n	select * from estnc_visitas<br />\r\n	select * from estnc_vagas<br />\r\n	select * from estnc_titulos<br />\r\n	select * from estnc_estagios<br />\r\n	select * from estnc_empresas_pessoas<br />\r\n	select * from estnc_empresas</p>\r\n');
INSERT INTO `info_informacao` VALUES ('8', 'IRA - Indice de Rendimento Acadêmico', 'avaliação bolsa de estudo vagas', '1', '2012-10-01 03:50:49', '<p>\r\n	IRA - Indice de Rendimento Acad&ecirc;mico utilizado em plano de bolsa, pelas faculdades para alunos conseguirem vagas</p>\r\n');
INSERT INTO `info_informacao` VALUES ('9', 'Permissão entrar como outra pessoa', 'Permissão entrar como outra pessoa', '1', '2012-10-11 09:48:43', '<p>\r\n	Vinculada ao m&oacute;dulo &quot;N&uacute;cleo&quot; &eacute; a &quot;Nucleo - Permite entrar como outra pessoa&quot;</p>\r\n');

-- ----------------------------
-- Table structure for `modulos`
-- ----------------------------
DROP TABLE IF EXISTS `modulos`;
CREATE TABLE `modulos` (
  `id` bigint(20) NOT NULL auto_increment,
  `sistemas_id` bigint(20) NOT NULL,
  `ds_nome` varchar(255) default NULL,
  `ds_descricao` mediumtext,
  `ds_local` varchar(255) default NULL,
  PRIMARY KEY  (`id`),
  KEY `modulos_FKIndex1` (`sistemas_id`)
) ENGINE=MyISAM DEFAULT CHARSET=latin1;

-- ----------------------------
-- Records of modulos
-- ----------------------------
INSERT INTO `modulos` VALUES ('1', '1', 'Estagios', 'Estágios Online', null);

-- ----------------------------
-- Table structure for `sistemas`
-- ----------------------------
DROP TABLE IF EXISTS `sistemas`;
CREATE TABLE `sistemas` (
  `id` bigint(20) NOT NULL auto_increment,
  `ds_nome` varchar(255) default NULL,
  PRIMARY KEY  (`id`)
) ENGINE=MyISAM DEFAULT CHARSET=latin1;

-- ----------------------------
-- Records of sistemas
-- ----------------------------
INSERT INTO `sistemas` VALUES ('1', 'Online');
INSERT INTO `sistemas` VALUES ('2', 'Acadêmico');

-- ----------------------------
-- Table structure for `tabelas`
-- ----------------------------
DROP TABLE IF EXISTS `tabelas`;
CREATE TABLE `tabelas` (
  `id` bigint(20) NOT NULL auto_increment,
  `ds_nome` varchar(255) default NULL,
  `ds_base` varchar(255) default NULL,
  PRIMARY KEY  (`id`)
) ENGINE=MyISAM DEFAULT CHARSET=latin1;

-- ----------------------------
-- Records of tabelas
-- ----------------------------
INSERT INTO `tabelas` VALUES ('1', 'nu_textos', '');
INSERT INTO `tabelas` VALUES ('2', 'nu_sistema_integracao', '');
INSERT INTO `tabelas` VALUES ('3', 'estnc_visitas', '');
INSERT INTO `tabelas` VALUES ('4', 'empresas', '');
INSERT INTO `tabelas` VALUES ('5', 'estnc_contratos', '');
INSERT INTO `tabelas` VALUES ('6', 'estnc_curriculos_variaveis', '');
INSERT INTO `tabelas` VALUES ('7', 'estnc_areas', '');
INSERT INTO `tabelas` VALUES ('8', 'estnc_setores', '');
INSERT INTO `tabelas` VALUES ('9', 'estnc_departamentos', '');
INSERT INTO `tabelas` VALUES ('10', 'estnc_areas_setores', '');
INSERT INTO `tabelas` VALUES ('11', 'estnc_setores_departamentos', '');
INSERT INTO `tabelas` VALUES ('12', 'estnc_avaliacoes', '');
INSERT INTO `tabelas` VALUES ('13', ' estnc_grupos_perguntas', '');
INSERT INTO `tabelas` VALUES ('14', 'estnc_perguntas', '');
INSERT INTO `tabelas` VALUES ('15', 'estnc_avaliacoes_agendar', '');
INSERT INTO `tabelas` VALUES ('16', 'parametros', '');
INSERT INTO `tabelas` VALUES ('17', 'nu_parametros', '');
INSERT INTO `tabelas` VALUES ('18', 'estnc_titulos', '');
INSERT INTO `tabelas` VALUES ('19', 'pessoas', '');
INSERT INTO `tabelas` VALUES ('20', 'instituicao_ensino', '');
INSERT INTO `tabelas` VALUES ('21', 'estnc_estagios', '');
INSERT INTO `tabelas` VALUES ('22', 'estnc_alunos', '');
INSERT INTO `tabelas` VALUES ('23', 'estnc_cursos', '');
INSERT INTO `tabelas` VALUES ('24', 'estnc_supervisores', '');
INSERT INTO `tabelas` VALUES ('25', 'municipios', '');
INSERT INTO `tabelas` VALUES ('26', 'cep_bairros', '');

-- ----------------------------
-- Table structure for `test_im_memoria_temp`
-- ----------------------------
DROP TABLE IF EXISTS `test_im_memoria_temp`;
CREATE TABLE `test_im_memoria_temp` (
  `id` bigint(20) NOT NULL auto_increment,
  `ds_descricao` mediumtext,
  `ds_classe` varchar(255) default NULL,
  `ds_parametros` mediumtext,
  `dt_cadastro` datetime default NULL,
  PRIMARY KEY  (`id`),
  KEY `ix_mem_temp` (`id`)
) ENGINE=MyISAM DEFAULT CHARSET=latin1;

-- ----------------------------
-- Records of test_im_memoria_temp
-- ----------------------------
INSERT INTO `test_im_memoria_temp` VALUES ('1', 'Teste de Memoria', 'IMString', '{\"string\":\"texto\"}', '2012-12-21 10:24:38');

-- ----------------------------
-- Function structure for `BASE64_DECODE`
-- ----------------------------
DROP FUNCTION IF EXISTS `BASE64_DECODE`;
DELIMITER ;;
CREATE FUNCTION `BASE64_DECODE`(input BLOB) RETURNS blob
    DETERMINISTIC
    SQL SECURITY INVOKER
BEGIN
	DECLARE ret BLOB DEFAULT '';
	DECLARE done TINYINT DEFAULT 0;

	IF input IS NULL THEN
		RETURN NULL;
	END IF;

each_block:
	WHILE NOT done DO BEGIN
		DECLARE accum_value BIGINT UNSIGNED DEFAULT 0;
		DECLARE in_count TINYINT DEFAULT 0;
		DECLARE out_count TINYINT DEFAULT 3;

each_input_char:
		WHILE in_count < 4 DO BEGIN
			DECLARE first_char CHAR(1);
	
			IF LENGTH(input) = 0 THEN
				RETURN ret;
			END IF;
	
			SET first_char = SUBSTRING(input,1,1);
			SET input = SUBSTRING(input,2);
	
			BEGIN
				DECLARE tempval TINYINT UNSIGNED;
				DECLARE error TINYINT DEFAULT 0;
				DECLARE base64_getval CURSOR FOR SELECT val FROM base64_data WHERE c = first_char;
				DECLARE CONTINUE HANDLER FOR SQLSTATE '02000' SET error = 1;
	
				OPEN base64_getval;
				FETCH base64_getval INTO tempval;
				CLOSE base64_getval;

				IF error THEN
					ITERATE each_input_char;
				END IF;

				SET accum_value = (accum_value << 6) + tempval;
			END;

			SET in_count = in_count + 1;

			IF first_char = '=' THEN
				SET done = 1;
				SET out_count = out_count - 1;
			END IF;
		END; END WHILE;

		-- We've now accumulated 24 bits; deaccumulate into bytes

		-- We have to work from the left, so use the third byte position and shift left
		WHILE out_count > 0 DO BEGIN
			SET ret = CONCAT(ret,CHAR((accum_value & 0xff0000) >> 16));
			SET out_count = out_count - 1;
			SET accum_value = (accum_value << 8) & 0xffffff;
		END; END WHILE;
	
	END; END WHILE;

	RETURN ret;
END
;;
DELIMITER ;

-- ----------------------------
-- Function structure for `BASE64_ENCODE`
-- ----------------------------
DROP FUNCTION IF EXISTS `BASE64_ENCODE`;
DELIMITER ;;
CREATE FUNCTION `BASE64_ENCODE`(input BLOB) RETURNS blob
    DETERMINISTIC
    SQL SECURITY INVOKER
BEGIN
	DECLARE ret BLOB DEFAULT '';
	DECLARE done TINYINT DEFAULT 0;

	IF input IS NULL THEN
		RETURN NULL;
	END IF;

each_block:
	WHILE NOT done DO BEGIN
		DECLARE accum_value BIGINT UNSIGNED DEFAULT 0;
		DECLARE in_count TINYINT DEFAULT 0;
		DECLARE out_count TINYINT;

each_input_char:
		WHILE in_count < 3 DO BEGIN
			DECLARE first_char CHAR(1);
	
			IF LENGTH(input) = 0 THEN
				SET done = 1;
				SET accum_value = accum_value << (8 * (3 - in_count));
				LEAVE each_input_char;
			END IF;
	
			SET first_char = SUBSTRING(input,1,1);
			SET input = SUBSTRING(input,2);
	
			SET accum_value = (accum_value << 8) + ASCII(first_char);

			SET in_count = in_count + 1;
		END; END WHILE;

		-- We've now accumulated 24 bits; deaccumulate into base64 characters

		-- We have to work from the left, so use the third byte position and shift left
		CASE
			WHEN in_count = 3 THEN SET out_count = 4;
			WHEN in_count = 2 THEN SET out_count = 3;
			WHEN in_count = 1 THEN SET out_count = 2;
			ELSE RETURN ret;
		END CASE;

		WHILE out_count > 0 DO BEGIN
			BEGIN
				DECLARE out_char CHAR(1);
				DECLARE base64_getval CURSOR FOR SELECT c FROM base64_data WHERE val = (accum_value >> 18);

				OPEN base64_getval;
				FETCH base64_getval INTO out_char;
				CLOSE base64_getval;

				SET ret = CONCAT(ret,out_char);
				SET out_count = out_count - 1;
				SET accum_value = accum_value << 6 & 0xffffff;
			END;
		END; END WHILE;

		CASE
			WHEN in_count = 2 THEN SET ret = CONCAT(ret,'=');
			WHEN in_count = 1 THEN SET ret = CONCAT(ret,'==');
			ELSE BEGIN END;
		END CASE;
	
	END; END WHILE;

	RETURN ret;
END
;;
DELIMITER ;
